{
  "id": "/subscriptions/aa72fb44-1c2f-4b84-82c3-f84525e7bfeb/resourceGroups/ReconhecimentoFacial-IA900/providers/Microsoft.Resources/deployments/Microsoft.CognitiveServicesAllInOne-20240215163022",
  "name": "Microsoft.CognitiveServicesAllInOne-20240215163022",
  "type": "Microsoft.Resources/deployments",
  "properties": {
    "templateHash": "15952153465283343445",
    "parameters": {
      "name": {
        "type": "String",
        "value": "LAB2-azure"
      },
      "location": {
        "type": "String",
        "value": "eastus"
      },
      "resourceGroupName": {
        "type": "String",
        "value": "ReconhecimentoFacial-IA900"
      },
      "resourceGroupId": {
        "type": "String",
        "value": "/subscriptions/aa72fb44-1c2f-4b84-82c3-f84525e7bfeb/resourceGroups/ReconhecimentoFacial-IA900"
      },
      "sku": {
        "type": "String",
        "value": "S0"
      },
      "tagValues": {
        "type": "Object",
        "value": {}
      },
      "virtualNetworkType": {
        "type": "String",
        "value": "None"
      },
      "vnet": {
        "type": "Object",
        "value": {}
      },
      "ipRules": {
        "type": "Array",
        "value": []
      },
      "identity": {
        "type": "Object",
        "value": {
          "type": "None"
        }
      },
      "privateEndpoints": {
        "type": "Array",
        "value": []
      },
      "privateDnsZone": {
        "type": "String",
        "value": "privatelink.cognitiveservices.azure.com"
      }
    },
    "mode": "Incremental",
    "debugSetting": {
      "detailLevel": "None"
    },
    "provisioningState": "Succeeded",
    "timestamp": "2024-02-15T19:37:09.4085698Z",
    "duration": "PT6.6658133S",
    "correlationId": "95b3601e-bb93-46e8-bd16-527ad799fb6c",
    "providers": [
      {
        "namespace": "Microsoft.CognitiveServices",
        "resourceTypes": [
          {
            "resourceType": "accounts",
            "locations": [
              "eastus"
            ]
          }
        ]
      }
    ],
    "dependencies": [],
    "outputResources": [
      {
        "id": "/subscriptions/aa72fb44-1c2f-4b84-82c3-f84525e7bfeb/resourceGroups/ReconhecimentoFacial-IA900/providers/Microsoft.CognitiveServices/accounts/LAB2-azure"
      }
    ],
    "validationLevel": "Template"
  },
  "tags": {
    "marketplaceItemId": "Microsoft.CognitiveServicesAllInOne"
  }
}