[
  {
    "id": "/subscriptions/aa72fb44-1c2f-4b84-82c3-f84525e7bfeb/resourceGroups/ReconhecimentoFacial-IA900/providers/Microsoft.Resources/deployments/Microsoft.CognitiveServicesAllInOne-20240215163022/operations/91EEF7C15D7E2FC9",
    "operationId": "91EEF7C15D7E2FC9",
    "properties": {
      "provisioningOperation": "Create",
      "provisioningState": "Succeeded",
      "timestamp": "2024-02-15T19:37:09.2885539Z",
      "duration": "PT5.3264857S",
      "trackingId": "d8473cf6-e536-4e24-8c9c-5ba15c3aade0",
      "statusCode": "Created",
      "targetResource": {
        "id": "/subscriptions/aa72fb44-1c2f-4b84-82c3-f84525e7bfeb/resourceGroups/ReconhecimentoFacial-IA900/providers/Microsoft.CognitiveServices/accounts/LAB2-azure",
        "resourceType": "Microsoft.CognitiveServices/accounts",
        "resourceName": "LAB2-azure"
      }
    }
  },
  {
    "id": "/subscriptions/aa72fb44-1c2f-4b84-82c3-f84525e7bfeb/resourceGroups/ReconhecimentoFacial-IA900/providers/Microsoft.Resources/deployments/Microsoft.CognitiveServicesAllInOne-20240215163022/operations/08584935810638653160",
    "operationId": "08584935810638653160",
    "properties": {
      "provisioningOperation": "EvaluateDeploymentOutput",
      "provisioningState": "Succeeded",
      "timestamp": "2024-02-15T19:37:09.3873312Z",
      "duration": "PT5.425263S",
      "trackingId": "9fdd4343-178a-4428-8d57-f878587fa28d",
      "statusCode": "OK"
    }
  }
]